region,phase_cycles,linear_reload,high_write,onset_ms,stop_ms,first_limit
ntsc,0,24,0,4.168,83.336,length
ntsc,0,96,0,4.168,83.336,length
ntsc,0,24,8,4.168,104.170,linear
ntsc,0,96,8,4.168,404.174,linear
ntsc,1000,24,0,3.609,82.777,length
ntsc,1000,96,0,3.609,82.777,length
ntsc,1000,24,8,3.609,103.611,linear
ntsc,1000,96,8,3.609,403.615,linear
ntsc,8000,24,0,3.864,78.866,length
ntsc,8000,96,0,3.864,78.866,length
ntsc,8000,24,8,3.864,103.866,linear
ntsc,8000,96,8,3.864,403.870,linear
ntsc,17000,24,0,3.003,82.170,length
ntsc,17000,96,0,3.003,82.170,length
ntsc,17000,24,8,3.003,103.004,linear
ntsc,17000,96,8,3.003,403.009,linear
pal,0,24,0,5.002,100.007,length
pal,0,96,0,5.002,100.007,length
pal,0,24,8,5.002,125.008,linear
pal,0,96,8,5.002,485.029,linear
pal,1000,24,0,4.400,99.405,length
pal,1000,96,0,4.400,99.405,length
pal,1000,24,8,4.400,124.407,linear
pal,1000,96,8,4.400,484.427,linear
pal,8000,24,0,0.190,95.195,length
pal,8000,96,0,0.190,95.195,length
pal,8000,24,8,0.190,120.197,linear
pal,8000,96,8,0.190,480.217,linear
pal,17000,24,0,4.777,99.783,length
pal,17000,96,0,4.777,99.783,length
pal,17000,24,8,4.777,124.784,linear
pal,17000,96,8,4.777,484.804,linear
