row,requested_seconds,serviced_seconds,lateness_seconds,period,duration_seconds
0,0.0,0.0,0.0,284,0.16
1,0.16,0.16,0.0,284,0.16
2,0.32,0.32,0.0,338,0.16
3,0.48,0.48,0.0,284,0.16
4,0.64,0.64,0.0,253,0.16
5,0.8,0.8,0.0,284,0.16
6,0.96,0.96,0.0,338,0.32
7,1.28,1.28,0.0,0,0.16
8,1.44,1.44,0.0,338,0.16
9,1.6,1.6,0.0,380,0.32
10,1.92,1.92,0.0,0,0.12
11,2.04,2.04,0.0,338,0.16
12,2.2,2.2,0.0,380,0.32
13,2.52,2.52,0.0,0,0.2
14,2.72,2.72,0.0,284,0.16
15,2.88,2.88,0.0,284,0.16
16,3.04,3.04,0.0,338,0.16
17,3.2,3.2,0.0,284,0.16
18,3.36,3.36,0.0,253,0.16
19,3.52,3.52,0.0,284,0.16
20,3.68,3.68,0.0,338,0.32
21,4.0,4.0,0.0,0,0.16
22,4.16,4.16,0.0,380,0.16
23,4.32,4.32,0.0,338,0.16
24,4.48,4.48,0.0,380,0.16
25,4.64,4.64,0.0,427,0.48
26,5.12,5.12,0.0,0,0.6
