update,requested_seconds,serviced_seconds,timer_before,timer_after,action,row
0,0.0,0.0,1,8,note,0
1,0.016666666666666666,0.016666666666666666,8,7,hold,
2,0.03333333333333333,0.03333333333333333,7,6,hold,
3,0.05,0.05,6,5,hold,
4,0.06666666666666667,0.06666666666666667,5,4,hold,
5,0.08333333333333333,0.08333333333333333,4,3,hold,
6,0.1,0.1,3,2,hold,
7,0.11666666666666667,0.11666666666666667,2,1,hold,
8,0.13333333333333333,0.13333333333333333,1,8,note,1
9,0.15,0.15,8,7,hold,
10,0.16666666666666666,0.16666666666666666,7,6,hold,
11,0.18333333333333332,0.18333333333333332,6,5,hold,
12,0.2,0.2,5,4,hold,
13,0.21666666666666667,0.21666666666666667,4,3,hold,
14,0.23333333333333334,0.23333333333333334,3,2,hold,
15,0.25,0.25,2,1,hold,
16,0.26666666666666666,0.26666666666666666,1,8,note,2
17,0.2833333333333333,0.2833333333333333,8,7,hold,
18,0.3,0.3,7,6,hold,
19,0.31666666666666665,0.31666666666666665,6,5,hold,
20,0.3333333333333333,0.3333333333333333,5,4,hold,
21,0.35,0.35,4,3,hold,
22,0.36666666666666664,0.36666666666666664,3,2,hold,
23,0.38333333333333336,0.38333333333333336,2,1,hold,
24,0.4,0.4,1,8,note,3
25,0.4166666666666667,0.4166666666666667,8,7,hold,
26,0.43333333333333335,0.43333333333333335,7,6,hold,
27,0.45,0.45,6,5,hold,
28,0.4666666666666667,0.4666666666666667,5,4,hold,
29,0.48333333333333334,0.48333333333333334,4,3,hold,
30,0.5,0.5,3,2,hold,
31,0.5166666666666667,0.5166666666666667,2,1,hold,
32,0.5333333333333333,0.5333333333333333,1,8,note,4
33,0.55,0.55,8,7,hold,
34,0.5666666666666667,0.5666666666666667,7,6,hold,
35,0.5833333333333334,0.5833333333333334,6,5,hold,
36,0.6,0.6,5,4,hold,
37,0.6166666666666667,0.6166666666666667,4,3,hold,
38,0.6333333333333333,0.6333333333333333,3,2,hold,
39,0.65,0.65,2,1,hold,
40,0.6666666666666666,0.6666666666666666,1,8,note,5
41,0.6833333333333333,0.6833333333333333,8,7,hold,
42,0.7,0.7,7,6,hold,
43,0.7166666666666667,0.7166666666666667,6,5,hold,
44,0.7333333333333333,0.7333333333333333,5,4,hold,
45,0.75,0.75,4,3,hold,
46,0.7666666666666667,0.7666666666666667,3,2,hold,
47,0.7833333333333333,0.7833333333333333,2,1,hold,
48,0.8,0.8,1,16,note,6
49,0.8166666666666667,0.8166666666666667,16,15,hold,
50,0.8333333333333334,0.8333333333333334,15,14,hold,
51,0.85,0.85,14,13,hold,
52,0.8666666666666667,0.8666666666666667,13,12,hold,
53,0.8833333333333333,0.8833333333333333,12,11,hold,
54,0.9,0.9,11,10,hold,
55,0.9166666666666666,0.9166666666666666,10,9,hold,
56,0.9333333333333333,0.9333333333333333,9,8,hold,
57,0.95,0.95,8,7,hold,
58,0.9666666666666667,0.9666666666666667,7,6,hold,
59,0.9833333333333333,0.9833333333333333,6,5,hold,
60,1.0,1.0,5,4,hold,
61,1.0166666666666666,1.0166666666666666,4,3,hold,
62,1.0333333333333334,1.0333333333333334,3,2,hold,
63,1.05,1.05,2,1,hold,
64,1.0666666666666667,1.0666666666666667,1,8,rest,7
65,1.0833333333333333,1.0833333333333333,8,7,hold,
66,1.1,1.1,7,6,hold,
67,1.1166666666666667,1.1166666666666667,6,5,hold,
68,1.1333333333333333,1.1333333333333333,5,4,hold,
69,1.15,1.15,4,3,hold,
70,1.1666666666666667,1.1666666666666667,3,2,hold,
71,1.1833333333333333,1.1833333333333333,2,1,hold,
72,1.2,1.2,1,8,note,8
73,1.2166666666666666,1.2166666666666666,8,7,hold,
74,1.2333333333333334,1.2333333333333334,7,6,hold,
75,1.25,1.25,6,5,hold,
76,1.2666666666666666,1.2666666666666666,5,4,hold,
77,1.2833333333333334,1.2833333333333334,4,3,hold,
78,1.3,1.3,3,2,hold,
79,1.3166666666666667,1.3166666666666667,2,1,hold,
80,1.3333333333333333,1.3333333333333333,1,16,note,9
81,1.35,1.35,16,15,hold,
82,1.3666666666666667,1.3666666666666667,15,14,hold,
83,1.3833333333333333,1.3833333333333333,14,13,hold,
84,1.4,1.4,13,12,hold,
85,1.4166666666666667,1.4166666666666667,12,11,hold,
86,1.4333333333333333,1.4333333333333333,11,10,hold,
87,1.45,1.45,10,9,hold,
88,1.4666666666666666,1.4666666666666666,9,8,hold,
89,1.4833333333333334,1.4833333333333334,8,7,hold,
90,1.5,1.5,7,6,hold,
91,1.5166666666666666,1.5166666666666666,6,5,hold,
92,1.5333333333333334,1.5333333333333334,5,4,hold,
93,1.55,1.55,4,3,hold,
94,1.5666666666666667,1.5666666666666667,3,2,hold,
95,1.5833333333333333,1.5833333333333333,2,1,hold,
96,1.6,1.6,1,6,rest,10
97,1.6166666666666667,1.6166666666666667,6,5,hold,
98,1.6333333333333333,1.6333333333333333,5,4,hold,
99,1.65,1.65,4,3,hold,
100,1.6666666666666667,1.6666666666666667,3,2,hold,
101,1.6833333333333333,1.6833333333333333,2,1,hold,
102,1.7,1.7,1,8,note,11
103,1.7166666666666666,1.7166666666666666,8,7,hold,
104,1.7333333333333334,1.7333333333333334,7,6,hold,
105,1.75,1.75,6,5,hold,
106,1.7666666666666666,1.7666666666666666,5,4,hold,
107,1.7833333333333334,1.7833333333333334,4,3,hold,
108,1.8,1.8,3,2,hold,
109,1.8166666666666667,1.8166666666666667,2,1,hold,
110,1.8333333333333333,1.8333333333333333,1,16,note,12
111,1.85,1.85,16,15,hold,
112,1.8666666666666667,1.8666666666666667,15,14,hold,
113,1.8833333333333333,1.8833333333333333,14,13,hold,
114,1.9,1.9,13,12,hold,
115,1.9166666666666667,1.9166666666666667,12,11,hold,
116,1.9333333333333333,1.9333333333333333,11,10,hold,
117,1.95,1.95,10,9,hold,
118,1.9666666666666666,1.9666666666666666,9,8,hold,
119,1.9833333333333334,1.9833333333333334,8,7,hold,
120,2.0,2.0,7,6,hold,
121,2.0166666666666666,2.0166666666666666,6,5,hold,
122,2.033333333333333,2.033333333333333,5,4,hold,
123,2.05,2.05,4,3,hold,
124,2.066666666666667,2.066666666666667,3,2,hold,
125,2.0833333333333335,2.0833333333333335,2,1,hold,
126,2.1,2.1,1,10,rest,13
127,2.1166666666666667,2.1166666666666667,10,9,hold,
128,2.1333333333333333,2.1333333333333333,9,8,hold,
129,2.15,2.15,8,7,hold,
130,2.1666666666666665,2.1666666666666665,7,6,hold,
131,2.183333333333333,2.183333333333333,6,5,hold,
132,2.2,2.2,5,4,hold,
133,2.216666666666667,2.216666666666667,4,3,hold,
134,2.2333333333333334,2.2333333333333334,3,2,hold,
135,2.25,2.25,2,1,hold,
136,2.2666666666666666,2.2666666666666666,1,8,note,14
137,2.283333333333333,2.283333333333333,8,7,hold,
138,2.3,2.3,7,6,hold,
139,2.316666666666667,2.316666666666667,6,5,hold,
140,2.3333333333333335,2.3333333333333335,5,4,hold,
141,2.35,2.35,4,3,hold,
142,2.3666666666666667,2.3666666666666667,3,2,hold,
143,2.3833333333333333,2.3833333333333333,2,1,hold,
144,2.4,2.4,1,8,note,15
145,2.4166666666666665,2.4166666666666665,8,7,hold,
146,2.433333333333333,2.433333333333333,7,6,hold,
147,2.45,2.45,6,5,hold,
148,2.466666666666667,2.466666666666667,5,4,hold,
149,2.4833333333333334,2.4833333333333334,4,3,hold,
150,2.5,2.5,3,2,hold,
151,2.5166666666666666,2.5166666666666666,2,1,hold,
152,2.533333333333333,2.533333333333333,1,8,note,16
153,2.55,2.55,8,7,hold,
154,2.566666666666667,2.566666666666667,7,6,hold,
155,2.5833333333333335,2.5833333333333335,6,5,hold,
156,2.6,2.6,5,4,hold,
157,2.6166666666666667,2.6166666666666667,4,3,hold,
158,2.6333333333333333,2.6333333333333333,3,2,hold,
159,2.65,2.65,2,1,hold,
160,2.6666666666666665,2.6666666666666665,1,8,note,17
161,2.683333333333333,2.683333333333333,8,7,hold,
162,2.7,2.7,7,6,hold,
163,2.716666666666667,2.716666666666667,6,5,hold,
164,2.7333333333333334,2.7333333333333334,5,4,hold,
165,2.75,2.75,4,3,hold,
166,2.7666666666666666,2.7666666666666666,3,2,hold,
167,2.783333333333333,2.783333333333333,2,1,hold,
168,2.8,2.8,1,8,note,18
169,2.816666666666667,2.816666666666667,8,7,hold,
170,2.8333333333333335,2.8333333333333335,7,6,hold,
171,2.85,2.85,6,5,hold,
172,2.8666666666666667,2.8666666666666667,5,4,hold,
173,2.8833333333333333,2.8833333333333333,4,3,hold,
174,2.9,2.9,3,2,hold,
175,2.9166666666666665,2.9166666666666665,2,1,hold,
176,2.933333333333333,2.933333333333333,1,8,note,19
177,2.95,2.95,8,7,hold,
178,2.966666666666667,2.966666666666667,7,6,hold,
179,2.9833333333333334,2.9833333333333334,6,5,hold,
180,3.0,3.0,5,4,hold,
181,3.0166666666666666,3.0166666666666666,4,3,hold,
182,3.033333333333333,3.033333333333333,3,2,hold,
183,3.05,3.05,2,1,hold,
184,3.066666666666667,3.066666666666667,1,16,note,20
185,3.0833333333333335,3.0833333333333335,16,15,hold,
186,3.1,3.1,15,14,hold,
187,3.1166666666666667,3.1166666666666667,14,13,hold,
188,3.1333333333333333,3.1333333333333333,13,12,hold,
189,3.15,3.15,12,11,hold,
190,3.1666666666666665,3.1666666666666665,11,10,hold,
191,3.183333333333333,3.183333333333333,10,9,hold,
192,3.2,3.2,9,8,hold,
193,3.216666666666667,3.216666666666667,8,7,hold,
194,3.2333333333333334,3.2333333333333334,7,6,hold,
195,3.25,3.25,6,5,hold,
196,3.2666666666666666,3.2666666666666666,5,4,hold,
197,3.283333333333333,3.283333333333333,4,3,hold,
198,3.3,3.3,3,2,hold,
199,3.316666666666667,3.316666666666667,2,1,hold,
200,3.3333333333333335,3.3333333333333335,1,8,rest,21
201,3.35,3.35,8,7,hold,
202,3.3666666666666667,3.3666666666666667,7,6,hold,
203,3.3833333333333333,3.3833333333333333,6,5,hold,
204,3.4,3.4,5,4,hold,
205,3.4166666666666665,3.4166666666666665,4,3,hold,
206,3.433333333333333,3.433333333333333,3,2,hold,
207,3.45,3.45,2,1,hold,
208,3.466666666666667,3.466666666666667,1,8,note,22
209,3.4833333333333334,3.4833333333333334,8,7,hold,
210,3.5,3.5,7,6,hold,
211,3.5166666666666666,3.5166666666666666,6,5,hold,
212,3.533333333333333,3.533333333333333,5,4,hold,
213,3.55,3.55,4,3,hold,
214,3.566666666666667,3.566666666666667,3,2,hold,
215,3.5833333333333335,3.5833333333333335,2,1,hold,
216,3.6,3.6,1,8,note,23
217,3.6166666666666667,3.6166666666666667,8,7,hold,
218,3.6333333333333333,3.6333333333333333,7,6,hold,
219,3.65,3.65,6,5,hold,
220,3.6666666666666665,3.6666666666666665,5,4,hold,
221,3.683333333333333,3.683333333333333,4,3,hold,
222,3.7,3.7,3,2,hold,
223,3.716666666666667,3.716666666666667,2,1,hold,
224,3.7333333333333334,3.7333333333333334,1,8,note,24
225,3.75,3.75,8,7,hold,
226,3.7666666666666666,3.7666666666666666,7,6,hold,
227,3.783333333333333,3.783333333333333,6,5,hold,
228,3.8,3.8,5,4,hold,
229,3.816666666666667,3.816666666666667,4,3,hold,
230,3.8333333333333335,3.8333333333333335,3,2,hold,
231,3.85,3.85,2,1,hold,
232,3.8666666666666667,3.8666666666666667,1,24,note,25
233,3.8833333333333333,3.8833333333333333,24,23,hold,
234,3.9,3.9,23,22,hold,
235,3.9166666666666665,3.9166666666666665,22,21,hold,
236,3.933333333333333,3.933333333333333,21,20,hold,
237,3.95,3.95,20,19,hold,
238,3.966666666666667,3.966666666666667,19,18,hold,
239,3.9833333333333334,3.9833333333333334,18,17,hold,
240,4.0,4.0,17,16,hold,
241,4.016666666666667,4.016666666666667,16,15,hold,
242,4.033333333333333,4.033333333333333,15,14,hold,
243,4.05,4.05,14,13,hold,
244,4.066666666666666,4.066666666666666,13,12,hold,
245,4.083333333333333,4.083333333333333,12,11,hold,
246,4.1,4.1,11,10,hold,
247,4.116666666666666,4.116666666666666,10,9,hold,
248,4.133333333333334,4.133333333333334,9,8,hold,
249,4.15,4.15,8,7,hold,
250,4.166666666666667,4.166666666666667,7,6,hold,
251,4.183333333333334,4.183333333333334,6,5,hold,
252,4.2,4.2,5,4,hold,
253,4.216666666666667,4.216666666666667,4,3,hold,
254,4.233333333333333,4.233333333333333,3,2,hold,
255,4.25,4.25,2,1,hold,
256,4.266666666666667,4.266666666666667,1,30,rest,26
257,4.283333333333333,4.283333333333333,30,29,hold,
258,4.3,4.3,29,28,hold,
259,4.316666666666666,4.316666666666666,28,27,hold,
260,4.333333333333333,4.333333333333333,27,26,hold,
261,4.35,4.35,26,25,hold,
262,4.366666666666666,4.366666666666666,25,24,hold,
263,4.383333333333334,4.383333333333334,24,23,hold,
264,4.4,4.4,23,22,hold,
265,4.416666666666667,4.416666666666667,22,21,hold,
266,4.433333333333334,4.433333333333334,21,20,hold,
267,4.45,4.45,20,19,hold,
268,4.466666666666667,4.466666666666667,19,18,hold,
269,4.483333333333333,4.483333333333333,18,17,hold,
270,4.5,4.5,17,16,hold,
271,4.516666666666667,4.516666666666667,16,15,hold,
272,4.533333333333333,4.533333333333333,15,14,hold,
273,4.55,4.55,14,13,hold,
274,4.566666666666666,4.566666666666666,13,12,hold,
275,4.583333333333333,4.583333333333333,12,11,hold,
276,4.6,4.6,11,10,hold,
277,4.616666666666666,4.616666666666666,10,9,hold,
278,4.633333333333334,4.633333333333334,9,8,hold,
279,4.65,4.65,8,7,hold,
280,4.666666666666667,4.666666666666667,7,6,hold,
281,4.683333333333334,4.683333333333334,6,5,hold,
282,4.7,4.7,5,4,hold,
283,4.716666666666667,4.716666666666667,4,3,hold,
284,4.733333333333333,4.733333333333333,3,2,hold,
285,4.75,4.75,2,1,hold,
286,4.766666666666667,4.766666666666667,1,0,loop-boundary,27
